timestamp,dataset,model,compression,attack,clean_acc,robust_acc,asr,robustness_gap
2026-07-06T00:00:00Z,tiny-imagenet,deit_small,fp32,fgsm,0.4833,0.0479,0.9521,0.4354
2026-07-06T00:00:01Z,tiny-imagenet,deit_small,fp32,pgd,0.4833,0.0,1.0,0.4833
2026-07-06T00:00:02Z,tiny-imagenet,deit_small,fp32,patch,0.4833,0.112,0.888,0.346
2026-07-06T00:00:03Z,tiny-imagenet,deit_small,int8,fgsm,0.4853,0.0459,0.9541,0.4394
2026-07-06T00:00:04Z,tiny-imagenet,deit_small,int8,pgd,0.4853,0.0,1.0,0.4853
2026-07-06T00:00:05Z,tiny-imagenet,deit_small,int8,patch,0.4853,0.108,0.892,0.348
2026-07-06T00:00:06Z,tiny-imagenet,deit_small,int4,fgsm,0.4722,0.0368,0.9632,0.4354
2026-07-06T00:00:07Z,tiny-imagenet,deit_small,int4,pgd,0.4722,0.0,1.0,0.4722
2026-07-06T00:00:08Z,tiny-imagenet,deit_small,int4,patch,0.4722,0.082,0.918,0.358
